'CPT CODE RANGE','SURGERY FLAG'
'10021-10022','1'
'10030-10030','1'
'10035-10035','1'
'10040-10040','1'
'10060-10061','1'
'10080-10081','1'
'10120-10121','1'
'10140-10140','1'
'10180-10180','1'
'11000-11000','2'
'11004-11004','1'
'11005-11006','2'
'11010-11012','2'
'11042-11042','1'
'11043-11044','2'
'11400-11404','1'
'11406-11406','1'
'11420-11424','1'
'11426-11426','1'
'11440-11444','1'
'11446-11446','1'
'11450-11451','1'
'11462-11463','1'
'11470-11471','1'
'11600-11604','1'
'11606-11606','1'
'11620-11624','1'
'11626-11626','1'
'11640-11644','1'
'11646-11646','1'
'11730-11730','1'
'11740-11740','1'
'11750-11750','1'
'11752-11752','1'
'11760-11760','2'
'11762-11762','2'
'11765-11765','1'
'11770-11772','2'
'11960-11960','2'
'11970-11971','2'
'11980-11983','1'
'12001-12002','1'
'12004-12007','1'
'12011-12011','1'
'12013-12018','1'
'12020-12021','1'
'12031-12032','1'
'12034-12037','1'
'12041-12042','1'
'12044-12047','1'
'12051-12057','1'
'13100-13101','1'
'13120-13121','1'
'13131-13132','1'
'13150-13150','2'
'13151-13152','1'
'13160-13160','2'
'14000-14001','2'
'14020-14021','2'
'14040-14041','2'
'14060-14061','2'
'14300-14301','2'
'14350-14350','2'
'15000-15000','1'
'15002-15002','1'
'15004-15004','1'
'15040-15040','2'
'15050-15050','2'
'15100-15100','2'
'15110-15110','2'
'15115-15115','2'
'15120-15120','2'
'15130-15130','2'
'15135-15135','2'
'15150-15150','2'
'15155-15155','2'
'15170-15170','2'
'15175-15175','2'
'15200-15200','2'
'15220-15220','2'
'15240-15240','2'
'15260-15260','2'
'15271-15271','2'
'15273-15273','2'
'15275-15275','2'
'15277-15277','2'
'15300-15300','2'
'15320-15320','2'
'15330-15330','2'
'15335-15335','2'
'15340-15340','2'
'15360-15360','2'
'15365-15365','2'
'15400-15400','2'
'15420-15420','2'
'15430-15430','2'
'15570-15570','2'
'15572-15572','2'
'15574-15574','2'
'15576-15576','2'
'15600-15600','2'
'15610-15610','2'
'15620-15620','2'
'15630-15630','2'
'15650-15650','2'
'15731-15732','2'
'15734-15734','2'
'15736-15736','2'
'15738-15738','2'
'15740-15740','2'
'15750-15750','2'
'15756-15758','2'
'15760-15760','2'
'15770-15770','2'
'15775-15776','1'
'15819-15819','2'
'15820-15823','1'
'15824-15826','2'
'15828-15842','2'
'15845-15845','2'
'15876-15879','2'
'15920-15920','2'
'15922-15922','2'
'15931-15931','2'
'15933-15937','2'
'15940-15941','2'
'15944-15946','2'
'15950-15953','2'
'15956-15956','2'
'15958-15958','2'
'16020-16020','1'
'16025-16025','1'
'16030-16030','1'
'16035-16035','1'
'17304-17307','1'
'17311-17311','2'
'17313-17313','2'
'19000-19000','1'
'19020-19020','2'
'19081-19081','1'
'19083-19083','1'
'19085-19085','1'
'19100-19101','1'
'19105-19105','1'
'19110-19110','2'
'19112-19112','2'
'19120-19120','2'
'19125-19125','2'
'19140-19140','2'
'19160-19160','2'
'19162-19162','2'
'19180-19180','2'
'19182-19182','2'
'19200-19200','2'
'19220-19220','2'
'19240-19240','2'
'19260-19260','2'
'19271-19272','2'
'19281-19281','1'
'19283-19283','1'
'19285-19285','1'
'19287-19287','1'
'19296-19296','1'
'19298-19298','1'
'19300-19307','2'
'19316-19316','2'
'19318-19318','2'
'19324-19325','2'
'19328-19328','2'
'19330-19330','2'
'19340-19340','2'
'19342-19342','2'
'19350-19350','2'
'19355-19355','2'
'19357-19357','2'
'19361-19361','2'
'19364-19364','2'
'19366-19371','2'
'19380-19380','2'
'20000-20000','1'
'20005-20005','2'
'20100-20103','2'
'20150-20150','2'
'20205-20205','1'
'20220-20220','1'
'20225-20225','1'
'20240-20240','1'
'20245-20245','1'
'20250-20251','1'
'20520-20520','1'
'20525-20525','1'
'20555-20555','1'
'20615-20615','1'
'20650-20650','1'
'20660-20660','1'
'20661-20661','2'
'20662-20663','1'
'20664-20664','2'
'20670-20670','2'
'20680-20680','2'
'20690-20690','2'
'20692-20694','2'
'20696-20697','2'
'20802-20802','2'
'20805-20805','2'
'20808-20808','2'
'20816-20816','2'
'20822-20822','2'
'20824-20824','2'
'20827-20827','2'
'20838-20838','2'
'20900-20900','2'
'20902-20902','2'
'20910-20910','2'
'20912-20912','2'
'20920-20920','2'
'20922-20922','2'
'20924-20924','2'
'20926-20926','2'
'20950-20950','1'
'20955-20957','2'
'20962-20962','2'
'20969-20970','2'
'20972-20973','2'
'20975-20975','2'
'20982-20983','1'
'21010-21010','2'
'21011-21012','1'
'21013-21016','2'
'21025-21026','2'
'21029-21032','2'
'21034-21034','2'
'21040-21040','2'
'21044-21050','2'
'21060-21060','2'
'21070-21070','2'
'21100-21100','1'
'21110-21110','1'
'21120-21123','2'
'21125-21125','2'
'21127-21127','2'
'21137-21139','2'
'21141-21143','2'
'21145-21147','2'
'21150-21151','2'
'21154-21155','2'
'21159-21160','2'
'21172-21172','2'
'21175-21175','2'
'21179-21184','2'
'21188-21188','2'
'21193-21196','2'
'21198-21199','2'
'21206-21206','2'
'21208-21210','2'
'21215-21215','2'
'21230-21230','2'
'21235-21235','2'
'21240-21240','2'
'21242-21249','2'
'21255-21256','2'
'21260-21261','2'
'21263-21263','2'
'21267-21268','2'
'21270-21270','2'
'21275-21275','2'
'21280-21280','2'
'21282-21282','2'
'21295-21296','2'
'21325-21325','2'
'21330-21330','2'
'21335-21336','2'
'21338-21339','2'
'21340-21340','1'
'21343-21344','2'
'21345-21345','1'
'21346-21348','2'
'21355-21355','1'
'21356-21356','2'
'21360-21360','2'
'21365-21366','2'
'21385-21387','2'
'21390-21390','2'
'21395-21395','2'
'21406-21408','2'
'21421-21421','1'
'21422-21423','2'
'21431-21431','1'
'21432-21433','2'
'21435-21436','2'
'21445-21445','2'
'21452-21453','1'
'21454-21454','2'
'21461-21462','2'
'21465-21465','2'
'21470-21470','2'
'21485-21485','1'
'21490-21490','2'
'21495-21495','2'
'21501-21502','2'
'21510-21510','2'
'21552-21552','1'
'21554-21554','2'
'21555-21555','1'
'21556-21558','2'
'21600-21600','2'
'21610-21610','2'
'21615-21616','2'
'21620-21620','2'
'21627-21627','2'
'21630-21630','2'
'21632-21632','2'
'21685-21685','2'
'21700-21700','2'
'21705-21705','2'
'21720-21720','2'
'21725-21725','2'
'21740-21740','2'
'21742-21743','2'
'21750-21750','2'
'21805-21805','2'
'21810-21810','1'
'21811-21813','2'
'21825-21825','2'
'21930-21931','1'
'21932-21933','2'
'21935-21936','2'
'22010-22010','2'
'22015-22015','2'
'22100-22102','2'
'22110-22110','2'
'22112-22112','2'
'22114-22114','2'
'22206-22207','2'
'22210-22210','2'
'22212-22212','2'
'22214-22214','2'
'22220-22220','2'
'22222-22222','2'
'22224-22224','2'
'22318-22319','2'
'22325-22327','2'
'22510-22511','1'
'22513-22514','1'
'22520-22524','1'
'22526-22526','1'
'22532-22533','2'
'22548-22548','2'
'22551-22551','2'
'22554-22554','2'
'22556-22556','2'
'22558-22558','2'
'22586-22586','2'
'22590-22590','2'
'22595-22595','2'
'22600-22600','2'
'22610-22610','2'
'22612-22612','2'
'22630-22630','2'
'22633-22633','2'
'22800-22800','2'
'22802-22802','2'
'22804-22804','2'
'22808-22808','2'
'22810-22810','2'
'22812-22812','2'
'22818-22819','2'
'22830-22830','2'
'22849-22850','2'
'22852-22852','2'
'22855-22857','2'
'22861-22862','2'
'22864-22865','2'
'22867-22867','2'
'22869-22869','2'
'22900-22901','2'
'22902-22903','1'
'22904-22905','2'
'23000-23000','2'
'23020-23020','2'
'23030-23031','1'
'23035-23035','2'
'23040-23040','2'
'23044-23044','2'
'23066-23066','1'
'23071-23071','1'
'23073-23073','2'
'23075-23075','1'
'23076-23078','2'
'23100-23100','1'
'23101-23101','2'
'23105-23107','2'
'23120-23120','2'
'23125-23125','2'
'23130-23130','2'
'23140-23140','2'
'23145-23146','2'
'23150-23150','2'
'23155-23156','2'
'23170-23170','2'
'23172-23172','2'
'23174-23174','2'
'23180-23180','2'
'23182-23182','2'
'23184-23184','2'
'23190-23190','2'
'23195-23195','2'
'23200-23200','2'
'23210-23210','2'
'23220-23222','2'
'23330-23330','1'
'23331-23335','2'
'23395-23395','2'
'23397-23397','2'
'23400-23400','2'
'23405-23406','2'
'23410-23410','2'
'23412-23412','2'
'23415-23415','2'
'23420-23420','2'
'23430-23430','2'
'23440-23440','2'
'23450-23450','2'
'23455-23455','2'
'23460-23460','2'
'23462-23462','2'
'23465-23466','2'
'23470-23470','2'
'23472-23474','2'
'23480-23480','2'
'23485-23485','2'
'23490-23491','2'
'23515-23515','2'
'23530-23530','2'
'23532-23532','2'
'23550-23550','2'
'23552-23552','2'
'23585-23585','2'
'23615-23616','2'
'23630-23630','2'
'23660-23660','2'
'23670-23670','2'
'23680-23680','2'
'23800-23800','2'
'23802-23802','2'
'23900-23900','2'
'23920-23921','2'
'23930-23931','1'
'23935-23935','2'
'24000-24000','2'
'24006-24006','2'
'24071-24071','1'
'24073-24073','2'
'24075-24075','1'
'24076-24077','2'
'24079-24079','2'
'24101-24102','2'
'24105-24105','2'
'24110-24110','2'
'24115-24116','2'
'24120-24120','2'
'24125-24126','2'
'24130-24130','2'
'24134-24134','2'
'24136-24136','2'
'24138-24138','2'
'24140-24140','2'
'24145-24145','2'
'24147-24147','2'
'24149-24153','2'
'24155-24155','2'
'24160-24160','2'
'24164-24164','2'
'24200-24201','1'
'24301-24301','2'
'24305-24305','2'
'24310-24310','2'
'24320-24320','2'
'24330-24332','2'
'24340-24346','2'
'24350-24352','2'
'24354-24354','2'
'24356-24356','2'
'24357-24357','1'
'24358-24363','2'
'24365-24366','2'
'24370-24371','2'
'24400-24400','2'
'24410-24410','2'
'24420-24420','2'
'24430-24430','2'
'24435-24435','2'
'24470-24470','2'
'24495-24495','2'
'24498-24498','2'
'24515-24516','2'
'24538-24538','1'
'24545-24546','2'
'24566-24566','1'
'24575-24575','2'
'24579-24579','2'
'24582-24582','1'
'24586-24587','2'
'24615-24615','2'
'24635-24635','2'
'24665-24666','2'
'24685-24685','2'
'24800-24800','2'
'24802-24802','2'
'24900-24900','2'
'24920-24920','2'
'24925-24925','2'
'24930-24931','2'
'24935-24935','2'
'24940-24940','2'
'25000-25001','2'
'25020-25020','2'
'25023-25025','2'
'25028-25028','1'
'25031-25031','1'
'25035-25035','2'
'25040-25040','2'
'25071-25071','1'
'25073-25073','2'
'25075-25075','1'
'25076-25078','2'
'25085-25085','2'
'25100-25100','1'
'25101-25101','2'
'25105-25105','2'
'25107-25107','2'
'25109-25112','2'
'25115-25116','2'
'25118-25120','2'
'25125-25126','2'
'25130-25130','2'
'25135-25136','2'
'25145-25145','2'
'25150-25151','2'
'25170-25170','2'
'25210-25210','2'
'25215-25215','2'
'25230-25230','2'
'25240-25240','2'
'25248-25248','1'
'25250-25251','2'
'25260-25260','2'
'25263-25263','2'
'25265-25265','2'
'25270-25270','2'
'25272-25272','2'
'25274-25275','2'
'25280-25280','2'
'25290-25290','2'
'25295-25295','2'
'25300-25301','2'
'25310-25310','2'
'25312-25312','2'
'25315-25316','2'
'25320-25320','2'
'25332-25332','2'
'25335-25335','2'
'25337-25337','2'
'25350-25350','2'
'25355-25355','2'
'25360-25360','2'
'25365-25365','2'
'25370-25370','2'
'25375-25375','2'
'25390-25394','2'
'25400-25400','2'
'25405-25405','2'
'25415-25415','2'
'25420-25420','2'
'25425-25426','2'
'25430-25431','2'
'25440-25447','2'
'25449-25450','2'
'25455-25455','2'
'25490-25492','2'
'25515-25515','2'
'25525-25526','2'
'25545-25545','2'
'25574-25575','2'
'25606-25606','1'
'25607-25609','2'
'25611-25611','2'
'25620-25620','2'
'25628-25628','2'
'25645-25645','2'
'25651-25651','1'
'25652-25652','2'
'25670-25670','2'
'25671-25671','1'
'25676-25676','2'
'25685-25685','2'
'25695-25695','2'
'25800-25800','2'
'25805-25805','2'
'25810-25810','2'
'25820-25820','2'
'25825-25825','2'
'25830-25830','2'
'25900-25900','2'
'25905-25905','2'
'25907-25907','2'
'25909-25909','2'
'25915-25915','2'
'25920-25920','2'
'25922-25922','2'
'25924-25924','2'
'25927-25927','2'
'25929-25929','2'
'25931-25931','2'
'26010-26011','1'
'26020-26020','1'
'26025-26025','1'
'26030-26030','1'
'26034-26035','2'
'26037-26037','2'
'26040-26040','2'
'26045-26045','2'
'26055-26055','2'
'26060-26060','2'
'26070-26070','2'
'26075-26075','2'
'26080-26080','2'
'26100-26100','1'
'26105-26105','1'
'26110-26111','1'
'26113-26113','2'
'26115-26115','1'
'26116-26118','2'
'26121-26121','2'
'26123-26123','2'
'26130-26130','2'
'26135-26135','2'
'26140-26140','2'
'26145-26145','2'
'26160-26160','2'
'26170-26170','2'
'26180-26180','2'
'26185-26185','2'
'26200-26200','2'
'26205-26205','2'
'26210-26210','2'
'26215-26215','2'
'26230-26230','2'
'26235-26236','2'
'26250-26250','2'
'26255-26255','2'
'26260-26262','2'
'26320-26320','2'
'26350-26350','2'
'26352-26352','2'
'26356-26358','2'
'26370-26370','2'
'26372-26373','2'
'26390-26390','2'
'26392-26392','2'
'26410-26410','2'
'26412-26412','2'
'26415-26416','2'
'26418-26418','2'
'26420-26420','2'
'26426-26426','2'
'26428-26428','2'
'26432-26434','2'
'26437-26437','2'
'26440-26440','2'
'26442-26442','2'
'26445-26445','2'
'26449-26450','2'
'26455-26455','2'
'26460-26460','2'
'26471-26471','2'
'26474-26474','2'
'26476-26480','2'
'26483-26483','2'
'26485-26485','2'
'26489-26490','2'
'26492-26492','2'
'26494-26494','2'
'26496-26500','2'
'26502-26502','2'
'26504-26504','2'
'26508-26508','2'
'26510-26510','2'
'26516-26518','2'
'26520-26520','2'
'26525-26525','2'
'26530-26531','2'
'26535-26536','2'
'26540-26542','2'
'26545-26546','2'
'26548-26548','2'
'26550-26551','2'
'26553-26556','2'
'26560-26562','2'
'26565-26565','2'
'26567-26568','2'
'26580-26580','2'
'26587-26587','2'
'26590-26591','2'
'26593-26593','2'
'26596-26596','2'
'26607-26608','1'
'26615-26615','2'
'26650-26650','1'
'26665-26665','2'
'26676-26676','1'
'26685-26686','2'
'26706-26706','1'
'26715-26715','2'
'26727-26727','1'
'26735-26735','2'
'26746-26746','2'
'26756-26756','1'
'26765-26765','2'
'26776-26776','1'
'26785-26785','2'
'26820-26820','2'
'26841-26844','2'
'26850-26850','2'
'26852-26852','2'
'26860-26860','2'
'26862-26862','2'
'26910-26910','2'
'26951-26952','2'
'26990-26990','2'
'26991-26991','1'
'26992-26992','2'
'27000-27001','2'
'27003-27003','2'
'27005-27006','2'
'27025-27025','2'
'27027-27027','2'
'27030-27030','2'
'27033-27033','2'
'27035-27036','2'
'27043-27043','1'
'27045-27045','2'
'27047-27047','1'
'27048-27049','2'
'27050-27050','1'
'27052-27052','1'
'27054-27054','2'
'27057-27057','2'
'27059-27060','2'
'27062-27062','2'
'27065-27067','2'
'27070-27071','2'
'27075-27080','2'
'27086-27087','1'
'27090-27091','2'
'27097-27098','2'
'27100-27100','2'
'27105-27105','2'
'27110-27111','2'
'27120-27120','2'
'27122-27122','2'
'27125-27125','2'
'27130-27130','2'
'27132-27132','2'
'27134-27134','2'
'27137-27138','2'
'27140-27140','2'
'27146-27147','2'
'27151-27151','2'
'27156-27156','2'
'27158-27158','2'
'27161-27161','2'
'27165-27165','2'
'27170-27170','2'
'27175-27179','2'
'27181-27181','2'
'27185-27185','2'
'27187-27187','2'
'27202-27202','2'
'27215-27215','2'
'27216-27216','1'
'27217-27218','2'
'27226-27228','2'
'27235-27235','1'
'27236-27236','2'
'27244-27245','2'
'27248-27248','2'
'27253-27254','2'
'27258-27259','2'
'27269-27269','2'
'27279-27280','2'
'27282-27282','2'
'27284-27284','2'
'27286-27286','2'
'27290-27290','2'
'27295-27295','2'
'27301-27301','2'
'27303-27303','2'
'27305-27307','2'
'27310-27310','2'
'27315-27315','2'
'27320-27320','2'
'27325-27326','2'
'27327-27327','1'
'27328-27329','2'
'27330-27330','1'
'27331-27335','2'
'27337-27337','1'
'27339-27340','2'
'27345-27345','2'
'27347-27347','2'
'27350-27350','2'
'27355-27357','2'
'27360-27360','2'
'27364-27365','2'
'27372-27372','1'
'27380-27381','2'
'27385-27386','2'
'27390-27397','2'
'27400-27400','2'
'27403-27403','2'
'27405-27405','2'
'27407-27407','2'
'27409-27409','2'
'27412-27412','2'
'27415-27416','2'
'27418-27418','2'
'27420-27420','2'
'27422-27422','2'
'27424-27425','2'
'27427-27430','2'
'27435-27435','2'
'27437-27438','2'
'27440-27443','2'
'27445-27448','2'
'27450-27450','2'
'27454-27455','2'
'27457-27457','2'
'27465-27466','2'
'27468-27468','2'
'27470-27470','2'
'27472-27472','2'
'27475-27475','2'
'27477-27477','2'
'27479-27479','2'
'27485-27488','2'
'27495-27499','2'
'27506-27507','2'
'27509-27509','1'
'27511-27511','2'
'27513-27514','2'
'27519-27519','2'
'27524-27524','2'
'27535-27536','2'
'27540-27540','2'
'27556-27558','2'
'27566-27566','2'
'27570-27570','2'
'27580-27580','2'
'27590-27592','2'
'27594-27594','2'
'27596-27596','2'
'27598-27598','2'
'27600-27603','2'
'27604-27604','1'
'27605-27607','2'
'27610-27610','2'
'27612-27612','2'
'27615-27616','2'
'27618-27618','1'
'27619-27620','2'
'27625-27626','2'
'27630-27630','2'
'27632-27632','1'
'27634-27635','2'
'27637-27638','2'
'27640-27641','2'
'27645-27647','2'
'27650-27650','2'
'27652-27652','2'
'27654-27654','2'
'27656-27656','2'
'27658-27659','2'
'27664-27665','2'
'27675-27676','2'
'27680-27681','2'
'27685-27687','2'
'27690-27691','2'
'27695-27696','2'
'27698-27698','2'
'27700-27700','2'
'27702-27705','2'
'27707-27707','2'
'27709-27709','2'
'27712-27712','2'
'27715-27715','2'
'27720-27720','2'
'27722-27722','2'
'27724-27727','2'
'27730-27730','2'
'27732-27732','2'
'27734-27734','2'
'27740-27740','2'
'27742-27742','2'
'27745-27745','2'
'27756-27756','1'
'27758-27759','2'
'27766-27766','2'
'27769-27769','2'
'27784-27784','2'
'27792-27792','2'
'27814-27814','2'
'27822-27823','2'
'27826-27829','2'
'27832-27832','2'
'27842-27842','1'
'27846-27846','2'
'27848-27848','2'
'27870-27871','2'
'27880-27882','2'
'27884-27884','2'
'27886-27886','2'
'27888-27889','2'
'27892-27894','2'
'28001-28003','1'
'28005-28005','2'
'28008-28008','2'
'28010-28011','2'
'28020-28020','2'
'28022-28022','2'
'28024-28024','2'
'28030-28030','2'
'28035-28035','2'
'28039-28039','1'
'28041-28041','2'
'28043-28043','1'
'28045-28047','2'
'28050-28050','1'
'28052-28052','1'
'28054-28054','1'
'28055-28055','2'
'28060-28060','2'
'28062-28062','2'
'28070-28070','2'
'28072-28072','2'
'28080-28080','2'
'28086-28086','2'
'28088-28088','2'
'28090-28090','2'
'28092-28092','2'
'28100-28100','2'
'28102-28104','2'
'28106-28108','2'
'28110-28114','2'
'28116-28116','2'
'28118-28120','2'
'28122-28122','2'
'28124-28124','2'
'28126-28126','2'
'28130-28130','2'
'28140-28140','2'
'28150-28150','2'
'28153-28153','2'
'28160-28160','2'
'28171-28171','2'
'28173-28173','2'
'28175-28175','2'
'28190-28190','1'
'28192-28193','1'
'28200-28200','2'
'28202-28202','2'
'28208-28208','2'
'28210-28210','2'
'28220-28220','2'
'28222-28222','2'
'28225-28226','2'
'28230-28230','2'
'28232-28232','2'
'28234-28234','2'
'28238-28238','2'
'28240-28240','2'
'28250-28250','2'
'28260-28262','2'
'28264-28264','2'
'28270-28270','2'
'28272-28272','2'
'28280-28280','2'
'28285-28286','2'
'28288-28300','2'
'28302-28302','2'
'28304-28310','2'
'28312-28313','2'
'28315-28315','2'
'28320-28320','2'
'28322-28322','2'
'28340-28341','2'
'28344-28345','2'
'28360-28360','2'
'28406-28406','1'
'28415-28415','2'
'28420-28420','2'
'28436-28436','1'
'28445-28446','2'
'28456-28456','1'
'28465-28465','2'
'28476-28476','1'
'28485-28485','2'
'28496-28496','1'
'28505-28505','2'
'28525-28525','2'
'28531-28531','2'
'28546-28546','1'
'28555-28555','2'
'28576-28576','1'
'28585-28585','2'
'28606-28606','1'
'28615-28615','2'
'28636-28636','1'
'28645-28645','2'
'28666-28666','1'
'28675-28675','2'
'28705-28705','2'
'28715-28715','2'
'28725-28725','2'
'28730-28730','2'
'28735-28735','2'
'28737-28737','2'
'28740-28740','2'
'28750-28750','2'
'28755-28755','2'
'28760-28760','2'
'28800-28800','2'
'28805-28805','2'
'28810-28810','2'
'28820-28820','2'
'28825-28825','2'
'29800-29800','1'
'29804-29805','1'
'29806-29807','2'
'29819-29825','2'
'29827-29828','2'
'29830-29830','1'
'29834-29838','2'
'29840-29840','1'
'29843-29848','2'
'29850-29850','1'
'29851-29851','2'
'29855-29856','2'
'29860-29860','1'
'29861-29863','2'
'29866-29868','2'
'29870-29871','1'
'29873-29877','2'
'29879-29889','2'
'29891-29895','2'
'29897-29899','2'
'29900-29900','1'
'29901-29902','2'
'29904-29907','2'
'29914-29916','2'
'30000-30000','1'
'30020-30020','1'
'30110-30110','1'
'30115-30115','1'
'30117-30118','1'
'30120-30120','1'
'30124-30124','1'
'30125-30125','2'
'30130-30130','2'
'30140-30140','2'
'30150-30150','2'
'30160-30160','2'
'30300-30300','1'
'30310-30310','1'
'30320-30320','1'
'30400-30400','2'
'30410-30410','2'
'30420-30420','2'
'30430-30430','2'
'30435-30435','2'
'30450-30450','2'
'30460-30460','2'
'30462-30462','2'
'30465-30465','2'
'30520-30520','2'
'30540-30540','2'
'30545-30545','2'
'30560-30560','1'
'30580-30580','2'
'30600-30600','2'
'30620-30620','2'
'30630-30630','2'
'30915-30915','2'
'30920-30920','2'
'30930-30930','2'
'31020-31020','1'
'31030-31030','1'
'31032-31032','1'
'31040-31040','2'
'31050-31051','1'
'31070-31070','2'
'31075-31075','2'
'31080-31081','2'
'31084-31087','2'
'31090-31090','2'
'31200-31201','2'
'31205-31205','2'
'31225-31225','2'
'31230-31230','2'
'31237-31240','1'
'31254-31256','1'
'31267-31267','1'
'31276-31276','1'
'31287-31288','1'
'31290-31294','2'
'31295-31297','1'
'31300-31300','2'
'31320-31320','1'
'31360-31360','2'
'31365-31365','2'
'31367-31368','2'
'31370-31370','2'
'31375-31375','2'
'31380-31380','2'
'31382-31382','2'
'31390-31390','2'
'31395-31395','2'
'31400-31400','2'
'31420-31420','2'
'31510-31513','1'
'31515-31515','1'
'31527-31531','1'
'31535-31536','1'
'31540-31541','2'
'31545-31546','2'
'31551-31554','2'
'31560-31561','2'
'31570-31574','1'
'31576-31578','1'
'31580-31580','2'
'31582-31582','2'
'31584-31584','2'
'31587-31588','2'
'31590-31592','2'
'31595-31595','2'
'31600-31601','2'
'31603-31603','2'
'31605-31605','2'
'31610-31611','2'
'31612-31612','1'
'31613-31614','2'
'31625-31626','1'
'31628-31631','1'
'31634-31636','1'
'31638-31638','1'
'31640-31641','1'
'31643-31643','1'
'31645-31648','1'
'31660-31661','1'
'31730-31730','1'
'31750-31750','2'
'31755-31755','2'
'31760-31760','2'
'31766-31766','2'
'31770-31770','2'
'31775-31775','2'
'31780-31781','2'
'31785-31786','2'
'31800-31800','2'
'31805-31805','2'
'31820-31820','2'
'31825-31825','2'
'31830-31830','2'
'32035-32036','2'
'32095-32098','1'
'32100-32100','2'
'32110-32110','2'
'32120-32120','2'
'32124-32124','2'
'32140-32141','2'
'32150-32151','2'
'32160-32160','2'
'32200-32201','2'
'32215-32215','2'
'32220-32220','2'
'32225-32225','2'
'32310-32310','2'
'32320-32320','2'
'32402-32402','1'
'32440-32440','2'
'32442-32442','2'
'32445-32445','2'
'32480-32480','2'
'32482-32482','2'
'32484-32484','2'
'32486-32486','2'
'32488-32488','2'
'32491-32491','2'
'32500-32500','2'
'32503-32505','2'
'32540-32540','2'
'32550-32551','1'
'32553-32557','1'
'32601-32609','1'
'32650-32652','2'
'32653-32653','1'
'32654-32666','2'
'32669-32673','2'
'32800-32800','2'
'32810-32810','2'
'32815-32815','2'
'32820-32820','2'
'32851-32854','2'
'32900-32900','2'
'32905-32906','2'
'32940-32940','2'
'32960-32960','1'
'32997-32998','1'
'33010-33011','1'
'33015-33015','2'
'33020-33020','2'
'33025-33025','2'
'33030-33031','2'
'33050-33050','2'
'33120-33120','2'
'33130-33130','2'
'33140-33140','2'
'33200-33203','2'
'33206-33208','2'
'33210-33218','2'
'33220-33224','2'
'33226-33231','2'
'33233-33238','2'
'33240-33241','2'
'33243-33246','2'
'33249-33251','2'
'33253-33256','2'
'33261-33266','2'
'33270-33273','1'
'33282-33282','1'
'33284-33284','1'
'33300-33300','2'
'33305-33305','2'
'33310-33310','2'
'33315-33315','2'
'33320-33322','2'
'33330-33330','2'
'33332-33332','2'
'33335-33335','2'
'33340-33340','2'
'33361-33366','2'
'33390-33391','2'
'33400-33401','2'
'33403-33406','2'
'33410-33418','2'
'33420-33420','2'
'33422-33422','2'
'33425-33427','2'
'33430-33430','2'
'33460-33460','2'
'33463-33465','2'
'33468-33468','2'
'33470-33472','2'
'33474-33478','2'
'33496-33496','2'
'33500-33507','2'
'33510-33514','2'
'33516-33516','2'
'33533-33536','2'
'33542-33542','2'
'33545-33545','2'
'33548-33548','2'
'33600-33600','2'
'33602-33602','2'
'33606-33606','2'
'33608-33608','2'
'33610-33612','2'
'33615-33615','2'
'33617-33617','2'
'33619-33622','2'
'33641-33641','2'
'33645-33645','2'
'33647-33647','2'
'33660-33660','2'
'33665-33665','2'
'33670-33670','2'
'33675-33677','2'
'33681-33681','2'
'33684-33684','2'
'33688-33688','2'
'33690-33690','2'
'33692-33692','2'
'33694-33694','2'
'33697-33697','2'
'33702-33702','2'
'33710-33710','2'
'33720-33720','2'
'33722-33722','2'
'33724-33724','2'
'33726-33726','2'
'33730-33730','2'
'33732-33732','2'
'33735-33737','2'
'33750-33750','2'
'33755-33755','2'
'33762-33762','2'
'33764-33764','2'
'33766-33767','2'
'33770-33771','2'
'33774-33783','2'
'33786-33786','2'
'33788-33788','2'
'33800-33800','2'
'33802-33803','2'
'33813-33814','2'
'33820-33820','2'
'33822-33822','2'
'33824-33824','2'
'33840-33840','2'
'33845-33845','2'
'33851-33853','2'
'33860-33861','2'
'33863-33864','2'
'33870-33870','2'
'33875-33875','2'
'33877-33877','2'
'33880-33881','2'
'33883-33883','2'
'33886-33886','2'
'33889-33889','2'
'33891-33891','2'
'33910-33910','2'
'33915-33917','2'
'33920-33920','2'
'33922-33922','2'
'33925-33926','2'
'33935-33935','2'
'33945-33945','2'
'33967-33967','1'
'33970-33971','2'
'33973-33983','2'
'33988-33989','2'
'33990-33991','1'
'33993-33993','1'
'34001-34001','2'
'34051-34051','2'
'34101-34101','2'
'34111-34111','2'
'34151-34151','2'
'34201-34201','2'
'34203-34203','2'
'34401-34401','2'
'34421-34421','2'
'34451-34451','2'
'34471-34471','2'
'34490-34490','2'
'34501-34502','2'
'34510-34510','2'
'34520-34520','2'
'34530-34530','2'
'34800-34800','2'
'34802-34805','2'
'34812-34812','2'
'34820-34820','2'
'34825-34825','2'
'34830-34834','2'
'34841-34848','2'
'34900-34900','2'
'35001-35002','2'
'35005-35005','2'
'35011-35011','2'
'35013-35013','2'
'35021-35022','2'
'35045-35045','2'
'35081-35082','2'
'35091-35092','2'
'35102-35103','2'
'35111-35112','2'
'35121-35122','2'
'35131-35132','2'
'35141-35142','2'
'35151-35152','2'
'35180-35180','2'
'35182-35182','2'
'35184-35184','2'
'35188-35190','2'
'35201-35201','2'
'35206-35207','2'
'35211-35211','2'
'35216-35216','2'
'35221-35221','2'
'35226-35226','2'
'35231-35231','2'
'35236-35236','2'
'35241-35241','2'
'35246-35246','2'
'35251-35251','2'
'35256-35256','2'
'35261-35261','2'
'35266-35266','2'
'35271-35271','2'
'35276-35276','2'
'35281-35281','2'
'35286-35286','2'
'35301-35305','2'
'35311-35311','2'
'35321-35321','2'
'35331-35331','2'
'35341-35341','2'
'35351-35351','2'
'35355-35355','2'
'35361-35361','2'
'35363-35363','2'
'35371-35372','2'
'35381-35381','2'
'35450-35450','2'
'35452-35452','2'
'35454-35454','2'
'35456-35456','2'
'35458-35460','2'
'35470-35476','1'
'35480-35485','2'
'35490-35495','1'
'35501-35501','2'
'35506-35512','2'
'35515-35516','2'
'35518-35518','2'
'35521-35523','2'
'35525-35526','2'
'35531-35531','2'
'35533-35533','2'
'35535-35541','2'
'35546-35546','2'
'35548-35549','2'
'35551-35551','2'
'35556-35556','2'
'35558-35558','2'
'35560-35560','2'
'35563-35563','2'
'35565-35566','2'
'35570-35571','2'
'35583-35583','2'
'35585-35585','2'
'35587-35587','2'
'35601-35601','2'
'35606-35606','2'
'35612-35612','2'
'35616-35616','2'
'35621-35621','2'
'35623-35623','2'
'35626-35626','2'
'35631-35634','2'
'35636-35638','2'
'35641-35642','2'
'35645-35647','2'
'35650-35651','2'
'35654-35654','2'
'35656-35656','2'
'35661-35661','2'
'35663-35663','2'
'35665-35666','2'
'35671-35671','2'
'35691-35691','2'
'35693-35695','2'
'35701-35701','2'
'35721-35721','2'
'35741-35741','2'
'35761-35761','2'
'35800-35800','2'
'35820-35820','2'
'35840-35840','2'
'35860-35860','2'
'35870-35870','2'
'35875-35876','2'
'35879-35879','2'
'35881-35881','2'
'35883-35884','2'
'35901-35901','2'
'35903-35903','2'
'35905-35905','2'
'35907-35907','2'
'36145-36145','1'
'36260-36260','2'
'36468-36471','1'
'36473-36473','1'
'36475-36475','1'
'36478-36478','1'
'36557-36558','1'
'36560-36561','1'
'36563-36563','1'
'36565-36566','1'
'36568-36571','1'
'36575-36576','1'
'36578-36578','1'
'36580-36585','1'
'36589-36590','1'
'36597-36597','1'
'36680-36680','2'
'36800-36800','2'
'36810-36810','2'
'36815-36815','2'
'36818-36823','2'
'36825-36825','2'
'36830-36835','2'
'36838-36838','2'
'36870-36870','1'
'36902-36906','1'
'37140-37140','2'
'37145-37145','2'
'37160-37160','2'
'37180-37182','2'
'37183-37183','1'
'37184-37184','2'
'37187-37188','2'
'37191-37193','2'
'37197-37197','1'
'37200-37200','1'
'37203-37203','1'
'37204-37205','2'
'37207-37207','2'
'37210-37210','2'
'37215-37218','2'
'37220-37221','2'
'37224-37231','2'
'37236-37236','2'
'37238-37238','2'
'37241-37244','1'
'37246-37246','1'
'37248-37248','1'
'37500-37500','2'
'37565-37565','2'
'37600-37600','2'
'37605-37607','2'
'37609-37609','1'
'37615-37620','2'
'37650-37650','2'
'37660-37660','2'
'37700-37700','2'
'37718-37718','2'
'37722-37722','2'
'37735-37735','2'
'37760-37761','2'
'37765-37766','2'
'37780-37780','2'
'37785-37785','2'
'37788-37788','2'
'37790-37790','2'
'38100-38101','2'
'38115-38115','2'
'38120-38120','2'
'38240-38243','1'
'38300-38300','1'
'38305-38305','1'
'38308-38308','2'
'38380-38382','2'
'38500-38500','1'
'38505-38505','1'
'38510-38510','2'
'38520-38520','2'
'38525-38525','2'
'38530-38530','1'
'38542-38542','2'
'38550-38550','2'
'38555-38555','2'
'38562-38562','2'
'38564-38564','2'
'38570-38570','1'
'38571-38572','2'
'38700-38700','2'
'38720-38720','2'
'38724-38724','2'
'38740-38740','2'
'38745-38745','2'
'38760-38760','2'
'38765-38765','2'
'38770-38770','2'
'38780-38780','2'
'38792-38792','1'
'38794-38794','1'
'39000-39000','2'
'39010-39010','2'
'39200-39200','2'
'39220-39220','2'
'39400-39402','1'
'39501-39503','2'
'39520-39520','2'
'39530-39531','2'
'39540-39541','2'
'39545-39545','2'
'39560-39561','2'
'40500-40500','2'
'40510-40510','2'
'40520-40520','2'
'40525-40525','2'
'40527-40527','2'
'40530-40530','2'
'40650-40650','1'
'40652-40652','1'
'40654-40654','1'
'40700-40702','2'
'40720-40720','2'
'40761-40761','2'
'40800-40801','1'
'40804-40805','1'
'40810-40810','1'
'40812-40812','1'
'40814-40814','2'
'40816-40816','2'
'40818-40818','2'
'40830-40831','1'
'40840-40840','2'
'40842-40845','2'
'41000-41000','1'
'41005-41010','1'
'41015-41015','1'
'41016-41018','2'
'41019-41019','1'
'41110-41110','1'
'41112-41113','1'
'41114-41114','2'
'41116-41116','1'
'41120-41120','2'
'41130-41130','2'
'41135-41135','2'
'41140-41140','2'
'41145-41145','2'
'41150-41150','2'
'41153-41153','2'
'41155-41155','2'
'41250-41252','1'
'41500-41500','2'
'41510-41510','2'
'41512-41512','2'
'41520-41520','2'
'41800-41800','1'
'41805-41806','1'
'41820-41822','1'
'41823-41823','2'
'41825-41826','1'
'41827-41827','2'
'41828-41828','1'
'41830-41830','2'
'41870-41870','2'
'41872-41872','2'
'41874-41874','2'
'42000-42000','1'
'42104-42104','1'
'42106-42106','1'
'42107-42107','2'
'42120-42120','2'
'42140-42140','2'
'42145-42145','2'
'42180-42180','1'
'42182-42182','1'
'42200-42200','2'
'42205-42205','2'
'42210-42210','2'
'42215-42215','2'
'42220-42220','2'
'42225-42227','2'
'42235-42235','2'
'42260-42260','2'
'42281-42281','2'
'42300-42300','1'
'42305-42305','2'
'42310-42310','1'
'42320-42320','1'
'42330-42330','1'
'42335-42335','2'
'42340-42340','2'
'42405-42405','1'
'42408-42408','2'
'42409-42409','1'
'42410-42410','2'
'42415-42415','2'
'42420-42420','2'
'42425-42426','2'
'42440-42440','2'
'42450-42450','2'
'42500-42500','2'
'42505-42505','2'
'42507-42510','2'
'42600-42600','2'
'42665-42665','2'
'42700-42700','1'
'42720-42720','1'
'42725-42725','2'
'42808-42808','1'
'42810-42810','1'
'42815-42815','2'
'42820-42821','2'
'42825-42826','2'
'42830-42831','2'
'42835-42836','2'
'42842-42842','2'
'42844-42845','2'
'42860-42860','2'
'42870-42870','2'
'42890-42890','2'
'42892-42892','2'
'42894-42894','2'
'42900-42900','1'
'42950-42950','2'
'42953-42953','2'
'42955-42955','2'
'42961-42962','2'
'42971-42972','2'
'43020-43020','2'
'43030-43030','2'
'43045-43045','2'
'43100-43101','2'
'43107-43108','2'
'43112-43113','2'
'43116-43118','2'
'43121-43124','2'
'43130-43130','2'
'43135-43135','2'
'43180-43180','1'
'43191-43191','1'
'43193-43196','1'
'43198-43198','1'
'43200-43202','1'
'43204-43206','1'
'43210-43217','1'
'43219-43220','1'
'43226-43229','1'
'43232-43233','1'
'43235-43252','1'
'43254-43258','1'
'43260-43272','1'
'43274-43274','1'
'43277-43278','1'
'43279-43282','2'
'43284-43285','2'
'43289-43289','2'
'43300-43300','2'
'43305-43305','2'
'43310-43310','2'
'43312-43314','2'
'43320-43320','2'
'43324-43328','2'
'43330-43337','2'
'43340-43341','2'
'43350-43352','2'
'43360-43361','2'
'43400-43401','2'
'43405-43405','2'
'43410-43410','2'
'43415-43415','2'
'43420-43420','2'
'43425-43425','2'
'43450-43450','1'
'43453-43453','1'
'43456-43456','1'
'43458-43458','1'
'43460-43460','1'
'43496-43496','2'
'43500-43502','2'
'43510-43510','1'
'43520-43520','2'
'43605-43605','1'
'43610-43611','2'
'43620-43622','2'
'43631-43634','2'
'43640-43641','2'
'43644-43645','2'
'43647-43648','2'
'43651-43653','2'
'43659-43659','2'
'43750-43750','1'
'43753-43753','1'
'43770-43775','2'
'43800-43800','2'
'43810-43810','2'
'43820-43820','2'
'43825-43825','2'
'43830-43832','2'
'43840-43840','2'
'43842-43843','2'
'43845-43848','2'
'43850-43850','2'
'43855-43855','2'
'43860-43860','2'
'43865-43865','2'
'43870-43870','1'
'43880-43882','2'
'43886-43888','2'
'44005-44005','2'
'44010-44010','2'
'44020-44021','2'
'44025-44025','2'
'44050-44050','2'
'44055-44055','2'
'44100-44100','1'
'44110-44111','2'
'44120-44120','2'
'44125-44127','2'
'44130-44130','2'
'44133-44133','2'
'44136-44137','2'
'44140-44141','2'
'44143-44147','2'
'44150-44153','2'
'44155-44158','2'
'44160-44160','2'
'44180-44180','2'
'44186-44188','2'
'44202-44202','2'
'44204-44208','2'
'44210-44212','2'
'44227-44227','2'
'44238-44238','2'
'44300-44300','2'
'44310-44310','2'
'44312-44312','2'
'44314-44314','2'
'44316-44316','2'
'44320-44320','2'
'44322-44322','2'
'44340-44340','2'
'44345-44346','2'
'44360-44361','1'
'44363-44366','1'
'44369-44370','1'
'44372-44373','1'
'44376-44379','1'
'44382-44384','1'
'44386-44386','1'
'44389-44394','1'
'44397-44397','1'
'44401-44405','1'
'44407-44407','1'
'44602-44605','2'
'44615-44615','2'
'44620-44620','2'
'44625-44626','2'
'44640-44640','2'
'44650-44650','2'
'44660-44661','2'
'44680-44680','2'
'44700-44700','2'
'44715-44715','2'
'44720-44721','2'
'44800-44800','2'
'44820-44820','2'
'44850-44850','2'
'44900-44901','2'
'44950-44950','2'
'44960-44960','2'
'44970-44970','2'
'44979-44979','2'
'45000-45000','2'
'45005-45005','1'
'45020-45020','1'
'45100-45100','1'
'45108-45108','2'
'45110-45114','2'
'45116-45116','2'
'45119-45121','2'
'45123-45123','2'
'45126-45126','2'
'45130-45130','2'
'45135-45136','2'
'45150-45150','2'
'45160-45160','2'
'45170-45172','2'
'45300-45300','1'
'45303-45303','1'
'45305-45305','1'
'45307-45309','1'
'45315-45315','1'
'45317-45317','1'
'45320-45321','1'
'45327-45327','1'
'45331-45335','1'
'45337-45340','1'
'45342-45342','1'
'45345-45347','1'
'45349-45349','1'
'45355-45355','1'
'45379-45390','1'
'45392-45392','1'
'45395-45395','2'
'45397-45397','2'
'45400-45400','2'
'45402-45402','2'
'45499-45500','2'
'45505-45505','2'
'45540-45541','2'
'45550-45550','2'
'45560-45560','2'
'45562-45563','2'
'45800-45800','2'
'45805-45805','2'
'45820-45820','2'
'45825-45825','2'
'46020-46020','2'
'46030-46030','2'
'46040-46040','1'
'46045-46045','1'
'46050-46050','1'
'46060-46060','2'
'46070-46070','2'
'46080-46080','2'
'46083-46083','1'
'46210-46211','1'
'46255-46255','1'
'46257-46258','1'
'46260-46262','1'
'46270-46270','1'
'46275-46275','2'
'46280-46280','2'
'46285-46285','2'
'46288-46288','2'
'46320-46320','1'
'46606-46608','1'
'46610-46612','1'
'46614-46615','1'
'46700-46700','2'
'46705-46707','2'
'46710-46710','2'
'46712-46712','2'
'46715-46716','2'
'46730-46730','2'
'46735-46735','2'
'46740-46740','2'
'46742-46742','2'
'46744-46744','2'
'46746-46746','2'
'46748-46748','2'
'46750-46751','2'
'46753-46753','2'
'46754-46754','1'
'46760-46762','2'
'46922-46922','1'
'46924-46924','2'
'46930-46930','1'
'46940-46940','1'
'46942-46942','1'
'46945-46947','1'
'47010-47011','2'
'47015-47015','2'
'47100-47100','1'
'47120-47120','2'
'47122-47122','2'
'47125-47125','2'
'47130-47130','2'
'47135-47136','2'
'47140-47142','2'
'47146-47147','2'
'47300-47300','2'
'47350-47350','2'
'47360-47362','2'
'47370-47371','2'
'47379-47381','2'
'47382-47383','1'
'47400-47400','2'
'47420-47420','2'
'47425-47425','2'
'47460-47460','2'
'47480-47480','2'
'47490-47490','1'
'47510-47511','1'
'47533-47535','1'
'47538-47540','1'
'47552-47556','1'
'47560-47561','1'
'47562-47564','2'
'47570-47570','2'
'47579-47579','2'
'47600-47600','2'
'47605-47605','2'
'47610-47610','2'
'47612-47612','2'
'47620-47620','2'
'47630-47630','1'
'47700-47701','2'
'47711-47712','2'
'47715-47716','2'
'47719-47721','2'
'47740-47741','2'
'47760-47760','2'
'47765-47765','2'
'47780-47780','2'
'47785-47785','2'
'47800-47802','2'
'47900-47900','2'
'48000-48001','2'
'48005-48005','2'
'48020-48020','2'
'48100-48100','1'
'48105-48105','2'
'48120-48120','2'
'48140-48140','2'
'48145-48146','2'
'48148-48148','2'
'48150-48150','2'
'48152-48155','2'
'48160-48160','2'
'48180-48180','2'
'48500-48500','2'
'48510-48510','2'
'48511-48511','1'
'48520-48520','2'
'48540-48540','2'
'48545-48545','2'
'48547-48548','2'
'48554-48554','2'
'48556-48556','2'
'49000-49000','2'
'49002-49002','2'
'49010-49010','2'
'49020-49021','2'
'49040-49041','2'
'49060-49062','2'
'49082-49083','1'
'49085-49085','2'
'49185-49185','1'
'49200-49201','2'
'49203-49205','2'
'49215-49215','2'
'49220-49220','2'
'49250-49250','2'
'49255-49255','2'
'49320-49321','1'
'49322-49325','2'
'49329-49329','2'
'49400-49400','1'
'49402-49402','2'
'49411-49411','1'
'49418-49420','1'
'49421-49422','2'
'49425-49426','2'
'49436-49436','1'
'49440-49442','1'
'49446-49446','1'
'49465-49465','1'
'49491-49492','2'
'49495-49496','2'
'49500-49501','2'
'49505-49505','2'
'49507-49507','2'
'49520-49521','2'
'49525-49525','2'
'49540-49540','2'
'49550-49550','2'
'49553-49553','2'
'49555-49555','2'
'49557-49557','2'
'49560-49561','2'
'49565-49566','2'
'49570-49570','2'
'49572-49572','2'
'49580-49580','2'
'49582-49582','2'
'49585-49585','2'
'49587-49587','2'
'49590-49590','2'
'49600-49600','2'
'49605-49606','2'
'49610-49611','2'
'49650-49657','2'
'49659-49659','2'
'49900-49900','2'
'49904-49904','2'
'49906-49906','2'
'50010-50010','2'
'50020-50020','2'
'50021-50021','1'
'50040-50040','2'
'50045-50045','2'
'50060-50060','2'
'50065-50065','2'
'50070-50070','2'
'50075-50075','2'
'50080-50081','1'
'50100-50100','2'
'50120-50120','2'
'50125-50125','2'
'50130-50130','2'
'50135-50135','2'
'50205-50205','1'
'50220-50220','2'
'50225-50225','2'
'50230-50230','2'
'50234-50234','2'
'50236-50236','2'
'50240-50240','2'
'50250-50250','2'
'50280-50280','2'
'50290-50290','2'
'50320-50320','2'
'50325-50325','2'
'50327-50329','2'
'50340-50340','2'
'50360-50360','2'
'50365-50365','2'
'50370-50370','2'
'50380-50380','2'
'50382-50382','1'
'50385-50387','1'
'50390-50390','1'
'50392-50393','1'
'50395-50395','1'
'50400-50400','2'
'50405-50405','2'
'50432-50433','1'
'50500-50500','2'
'50520-50520','2'
'50525-50526','2'
'50540-50548','2'
'50553-50553','1'
'50555-50555','1'
'50557-50557','1'
'50561-50562','1'
'50572-50572','1'
'50574-50576','1'
'50580-50580','1'
'50592-50593','1'
'50600-50600','1'
'50605-50605','2'
'50610-50610','2'
'50620-50620','2'
'50630-50630','2'
'50650-50650','2'
'50660-50660','2'
'50690-50690','1'
'50694-50695','1'
'50700-50700','2'
'50715-50715','2'
'50722-50722','2'
'50725-50725','2'
'50727-50728','2'
'50740-50740','2'
'50750-50750','2'
'50760-50760','2'
'50770-50770','2'
'50780-50780','2'
'50782-50783','2'
'50785-50785','2'
'50800-50800','2'
'50810-50810','2'
'50815-50815','2'
'50820-50820','2'
'50825-50825','2'
'50830-50830','2'
'50840-50840','2'
'50845-50845','2'
'50860-50860','2'
'50900-50900','2'
'50920-50920','2'
'50930-50930','2'
'50940-50940','2'
'50945-50945','2'
'50947-50948','2'
'50951-50951','1'
'50953-50953','1'
'50955-50955','1'
'50957-50957','1'
'50961-50961','1'
'50972-50972','1'
'50974-50974','1'
'50976-50976','1'
'50980-50980','1'
'51000-51000','1'
'51005-51005','1'
'51010-51010','1'
'51020-51020','2'
'51030-51030','2'
'51040-51040','2'
'51045-51045','2'
'51050-51050','2'
'51060-51060','2'
'51065-51065','2'
'51080-51080','1'
'51100-51101','1'
'51102-51102','2'
'51500-51500','2'
'51520-51520','2'
'51525-51525','2'
'51530-51530','2'
'51535-51535','2'
'51550-51550','2'
'51555-51555','2'
'51565-51565','2'
'51570-51570','2'
'51575-51575','2'
'51580-51580','2'
'51585-51585','2'
'51590-51590','2'
'51595-51597','2'
'51715-51715','1'
'51800-51800','2'
'51820-51820','2'
'51840-51841','2'
'51845-51845','2'
'51860-51860','2'
'51865-51865','2'
'51880-51880','2'
'51900-51900','2'
'51920-51920','2'
'51925-51925','2'
'51940-51940','2'
'51960-51960','2'
'51980-51980','2'
'51990-51990','2'
'51992-51992','2'
'52005-52005','1'
'52007-52007','1'
'52204-52204','1'
'52214-52214','1'
'52224-52224','1'
'52234-52235','1'
'52240-52240','1'
'52250-52250','1'
'52270-52270','2'
'52275-52276','2'
'52277-52277','1'
'52281-52283','1'
'52285-52285','1'
'52287-52287','1'
'52290-52290','1'
'52300-52301','1'
'52305-52305','1'
'52310-52310','1'
'52315-52315','2'
'52317-52318','1'
'52320-52320','1'
'52325-52325','1'
'52327-52327','1'
'52330-52330','1'
'52332-52332','1'
'52334-52334','1'
'52341-52346','1'
'52352-52356','1'
'52400-52400','1'
'52402-52402','1'
'52441-52441','1'
'52450-52450','1'
'52500-52500','1'
'52510-52510','2'
'52601-52601','2'
'52606-52606','2'
'52612-52612','2'
'52614-52614','2'
'52620-52620','2'
'52630-52630','2'
'52640-52640','2'
'52647-52649','2'
'52700-52700','1'
'53000-53000','2'
'53010-53010','2'
'53020-53020','2'
'53025-53025','2'
'53040-53040','1'
'53060-53060','1'
'53080-53080','1'
'53085-53085','1'
'53210-53210','2'
'53215-53215','2'
'53220-53220','2'
'53230-53230','2'
'53235-53235','2'
'53240-53240','2'
'53250-53250','2'
'53260-53260','2'
'53265-53265','2'
'53270-53270','2'
'53275-53275','2'
'53400-53400','2'
'53405-53405','2'
'53410-53410','2'
'53415-53415','2'
'53420-53420','2'
'53425-53425','2'
'53430-53431','2'
'53440-53440','2'
'53442-53442','2'
'53444-53450','2'
'53460-53460','2'
'53500-53500','2'
'53502-53502','2'
'53505-53505','2'
'53510-53510','2'
'53515-53515','2'
'53520-53520','2'
'53600-53601','1'
'53605-53605','1'
'53620-53621','1'
'53850-53850','1'
'53852-53852','1'
'53853-53853','2'
'53855-53855','1'
'53860-53860','1'
'54000-54001','1'
'54015-54015','1'
'54060-54060','1'
'54100-54100','1'
'54105-54105','1'
'54110-54112','2'
'54115-54115','2'
'54120-54120','2'
'54125-54125','2'
'54130-54130','2'
'54135-54135','2'
'54150-54150','1'
'54152-54152','1'
'54160-54164','1'
'54205-54205','1'
'54300-54300','2'
'54304-54304','2'
'54308-54308','2'
'54312-54312','2'
'54316-54316','2'
'54318-54318','2'
'54322-54322','2'
'54324-54324','2'
'54326-54326','2'
'54328-54328','2'
'54332-54332','2'
'54336-54336','2'
'54340-54340','2'
'54344-54344','2'
'54348-54348','2'
'54352-54352','2'
'54360-54360','2'
'54380-54380','2'
'54385-54385','2'
'54390-54390','2'
'54400-54401','2'
'54405-54406','2'
'54408-54408','2'
'54410-54411','2'
'54415-54417','2'
'54420-54420','2'
'54430-54430','2'
'54435-54435','2'
'54437-54437','1'
'54438-54438','2'
'54440-54440','2'
'54450-54450','1'
'54505-54505','1'
'54512-54512','2'
'54520-54520','2'
'54522-54522','2'
'54530-54530','2'
'54535-54535','2'
'54550-54550','2'
'54560-54560','2'
'54600-54600','2'
'54620-54620','2'
'54640-54640','2'
'54650-54650','2'
'54660-54660','2'
'54670-54670','2'
'54680-54680','2'
'54690-54690','2'
'54692-54692','2'
'54700-54700','1'
'54820-54820','2'
'54830-54830','2'
'54840-54840','2'
'54860-54861','2'
'54865-54865','1'
'54900-54901','2'
'55040-55041','2'
'55060-55060','2'
'55100-55100','1'
'55110-55110','1'
'55120-55120','1'
'55150-55150','2'
'55175-55175','2'
'55180-55180','2'
'55200-55200','1'
'55250-55250','1'
'55300-55300','1'
'55400-55400','2'
'55450-55450','1'
'55500-55500','2'
'55520-55520','2'
'55530-55530','2'
'55535-55535','2'
'55540-55540','2'
'55550-55550','2'
'55600-55600','2'
'55605-55605','2'
'55650-55650','2'
'55680-55680','2'
'55700-55700','1'
'55705-55705','1'
'55720-55720','1'
'55725-55725','1'
'55801-55801','2'
'55810-55810','2'
'55812-55812','2'
'55815-55815','2'
'55821-55821','2'
'55831-55831','2'
'55840-55840','2'
'55842-55842','2'
'55845-55845','2'
'55859-55859','1'
'55860-55860','2'
'55862-55862','2'
'55865-55866','2'
'55873-55873','2'
'55875-55875','1'
'55876-55876','2'
'55920-55920','1'
'55970-55970','2'
'55980-55980','2'
'56405-56405','1'
'56420-56420','1'
'56605-56605','1'
'56620-56620','2'
'56625-56625','2'
'56630-56634','2'
'56637-56637','2'
'56640-56640','2'
'56700-56700','2'
'56740-56740','2'
'56800-56800','2'
'56805-56805','2'
'56810-56810','2'
'56821-56821','1'
'57010-57010','1'
'57022-57023','1'
'57100-57100','1'
'57105-57105','1'
'57106-57107','2'
'57109-57112','2'
'57120-57120','2'
'57130-57130','2'
'57135-57135','2'
'57155-57156','1'
'57200-57200','2'
'57210-57210','2'
'57220-57220','2'
'57230-57230','2'
'57240-57240','2'
'57250-57250','2'
'57260-57260','2'
'57265-57265','2'
'57268-57268','2'
'57270-57270','2'
'57280-57280','2'
'57282-57285','2'
'57287-57289','2'
'57291-57292','2'
'57295-57296','2'
'57300-57300','2'
'57305-57305','2'
'57307-57308','2'
'57310-57311','2'
'57320-57320','2'
'57330-57330','2'
'57335-57335','2'
'57415-57415','1'
'57421-57421','1'
'57423-57423','2'
'57425-57426','2'
'57454-57456','1'
'57460-57461','1'
'57500-57500','1'
'57505-57505','1'
'57510-57510','1'
'57520-57520','1'
'57522-57522','1'
'57530-57531','2'
'57540-57540','2'
'57545-57545','2'
'57550-57550','2'
'57555-57556','2'
'57558-57558','1'
'57700-57700','2'
'57720-57720','2'
'57820-57820','1'
'58100-58100','1'
'58120-58120','1'
'58140-58140','2'
'58145-58146','2'
'58150-58150','2'
'58152-58152','2'
'58180-58180','2'
'58200-58200','2'
'58210-58210','2'
'58240-58240','2'
'58260-58260','2'
'58262-58263','2'
'58267-58267','2'
'58270-58270','2'
'58275-58275','2'
'58280-58280','2'
'58285-58285','2'
'58290-58294','2'
'58340-58340','1'
'58345-58346','1'
'58350-58350','1'
'58353-58353','1'
'58356-58356','1'
'58400-58400','2'
'58410-58410','2'
'58520-58520','2'
'58540-58546','2'
'58548-58548','2'
'58550-58550','2'
'58552-58554','2'
'58558-58563','1'
'58565-58565','1'
'58570-58573','2'
'58600-58600','2'
'58605-58605','2'
'58615-58615','2'
'58660-58662','2'
'58670-58674','2'
'58700-58700','2'
'58720-58720','2'
'58740-58740','2'
'58750-58750','2'
'58752-58752','2'
'58760-58760','2'
'58770-58770','2'
'58800-58800','1'
'58805-58805','2'
'58820-58820','2'
'58822-58823','2'
'58825-58825','2'
'58900-58900','1'
'58920-58920','2'
'58925-58925','2'
'58940-58940','2'
'58943-58943','2'
'58950-58954','2'
'58956-58958','2'
'58960-58960','2'
'58970-58970','2'
'58974-58974','2'
'58976-58976','2'
'59001-59001','1'
'59072-59072','1'
'59074-59074','1'
'59076-59076','2'
'59100-59100','2'
'59120-59121','2'
'59130-59130','2'
'59135-59136','2'
'59140-59140','2'
'59150-59151','2'
'59160-59160','1'
'59300-59300','1'
'59320-59320','2'
'59325-59325','2'
'59350-59350','2'
'59400-59400','1'
'59409-59410','1'
'59412-59412','1'
'59510-59510','2'
'59514-59515','2'
'59610-59610','1'
'59612-59612','1'
'59614-59614','1'
'59618-59618','2'
'59620-59620','2'
'59622-59622','2'
'59812-59812','1'
'59820-59821','1'
'59830-59830','2'
'59840-59841','1'
'59850-59852','2'
'59855-59857','2'
'59866-59866','1'
'59870-59870','2'
'59897-59897','2'
'60000-60000','1'
'60200-60200','2'
'60210-60210','2'
'60212-60212','2'
'60220-60220','2'
'60225-60225','2'
'60240-60240','2'
'60252-60252','2'
'60254-60254','2'
'60260-60260','2'
'60270-60271','2'
'60280-60281','2'
'60300-60300','1'
'60500-60500','2'
'60502-60502','2'
'60505-60505','2'
'60520-60522','2'
'60540-60540','2'
'60545-60545','2'
'60600-60600','2'
'60605-60605','2'
'60650-60650','2'
'60659-60659','2'
'61000-61001','1'
'61020-61020','1'
'61050-61050','1'
'61055-61055','1'
'61070-61070','1'
'61105-61105','2'
'61107-61108','2'
'61120-61120','2'
'61140-61140','2'
'61150-61151','2'
'61154-61154','2'
'61156-61156','2'
'61210-61210','2'
'61215-61215','2'
'61250-61250','2'
'61253-61253','2'
'61304-61305','2'
'61312-61315','2'
'61320-61323','2'
'61330-61330','2'
'61332-61334','2'
'61340-61340','2'
'61343-61343','2'
'61345-61345','2'
'61440-61440','2'
'61450-61450','2'
'61458-61458','2'
'61460-61460','2'
'61470-61470','2'
'61480-61480','2'
'61490-61490','2'
'61500-61501','2'
'61510-61510','2'
'61512-61512','2'
'61514-61514','2'
'61516-61516','2'
'61518-61522','2'
'61524-61524','2'
'61526-61526','2'
'61530-61531','2'
'61533-61546','2'
'61548-61548','2'
'61550-61550','2'
'61552-61552','2'
'61556-61559','2'
'61563-61564','2'
'61566-61567','2'
'61570-61571','2'
'61575-61576','2'
'61580-61586','2'
'61590-61592','2'
'61595-61598','2'
'61600-61601','2'
'61605-61608','2'
'61613-61613','2'
'61615-61616','2'
'61618-61619','2'
'61623-61624','2'
'61626-61626','2'
'61630-61630','2'
'61635-61635','2'
'61640-61640','2'
'61645-61645','2'
'61680-61680','2'
'61682-61682','2'
'61684-61684','2'
'61686-61686','2'
'61690-61690','2'
'61692-61692','2'
'61697-61698','2'
'61700-61700','2'
'61702-61703','2'
'61705-61705','2'
'61708-61708','2'
'61710-61711','2'
'61720-61720','2'
'61735-61735','2'
'61750-61751','2'
'61760-61760','2'
'61770-61770','2'
'61790-61791','1'
'61850-61850','2'
'61860-61860','2'
'61863-61863','2'
'61867-61867','2'
'61870-61870','2'
'61875-61875','2'
'61880-61880','2'
'61885-61886','2'
'61888-61888','2'
'62000-62000','2'
'62005-62005','2'
'62010-62010','2'
'62100-62100','2'
'62115-62117','2'
'62120-62121','2'
'62140-62143','2'
'62145-62147','2'
'62161-62165','2'
'62180-62180','2'
'62190-62190','2'
'62192-62192','2'
'62194-62194','2'
'62200-62201','2'
'62220-62220','2'
'62223-62223','2'
'62225-62225','2'
'62230-62230','2'
'62256-62256','2'
'62258-62258','2'
'62263-62264','1'
'62267-62269','1'
'62287-62287','1'
'62294-62294','1'
'62350-62351','1'
'62360-62362','1'
'62365-62365','1'
'62380-62380','1'
'63001-63001','2'
'63003-63003','2'
'63005-63005','2'
'63011-63012','2'
'63015-63017','2'
'63020-63020','2'
'63030-63030','2'
'63040-63040','2'
'63042-63042','2'
'63045-63047','2'
'63050-63051','2'
'63055-63056','2'
'63064-63064','2'
'63075-63075','2'
'63077-63077','2'
'63081-63081','2'
'63085-63085','2'
'63087-63087','2'
'63090-63090','2'
'63101-63102','2'
'63170-63170','2'
'63172-63173','2'
'63180-63180','2'
'63182-63182','2'
'63185-63185','2'
'63190-63191','2'
'63194-63200','2'
'63250-63252','2'
'63265-63268','2'
'63270-63273','2'
'63275-63278','2'
'63280-63283','2'
'63285-63287','2'
'63290-63290','2'
'63300-63307','2'
'63600-63600','1'
'63610-63610','1'
'63615-63615','1'
'63650-63650','1'
'63655-63655','2'
'63660-63660','1'
'63662-63664','1'
'63685-63685','1'
'63688-63688','1'
'63700-63700','2'
'63702-63702','2'
'63704-63704','2'
'63706-63707','2'
'63709-63710','2'
'63740-63741','2'
'63744-63744','2'
'63746-63746','2'
'64553-64553','1'
'64555-64555','1'
'64560-64561','1'
'64565-64566','1'
'64568-64569','2'
'64570-64570','1'
'64573-64573','2'
'64575-64575','2'
'64577-64577','2'
'64580-64581','2'
'64585-64585','2'
'64590-64590','2'
'64595-64595','2'
'64702-64702','2'
'64704-64704','2'
'64708-64708','2'
'64712-64714','2'
'64716-64716','2'
'64718-64719','2'
'64721-64722','2'
'64726-64726','2'
'64732-64732','2'
'64734-64734','2'
'64736-64736','2'
'64738-64738','2'
'64740-64740','2'
'64742-64742','2'
'64744-64744','2'
'64746-64746','2'
'64752-64752','2'
'64755-64755','2'
'64760-64761','2'
'64763-64763','2'
'64766-64766','2'
'64771-64772','2'
'64774-64774','2'
'64776-64776','2'
'64782-64782','2'
'64784-64784','2'
'64786-64786','2'
'64788-64788','2'
'64790-64790','2'
'64792-64792','2'
'64795-64795','1'
'64802-64802','2'
'64804-64804','2'
'64809-64809','2'
'64818-64818','2'
'64820-64823','2'
'64831-64831','2'
'64834-64836','2'
'64840-64840','2'
'64856-64858','2'
'64861-64862','2'
'64864-64866','2'
'64868-64868','2'
'64870-64870','2'
'64885-64886','2'
'64890-64893','2'
'64895-64898','2'
'64905-64905','2'
'64907-64907','2'
'64910-64911','2'
'65091-65091','2'
'65093-65093','2'
'65101-65101','2'
'65103-65103','2'
'65105-65105','2'
'65110-65110','2'
'65112-65112','2'
'65114-65114','2'
'65125-65125','2'
'65130-65130','2'
'65135-65135','2'
'65140-65140','2'
'65150-65150','2'
'65155-65155','2'
'65175-65175','2'
'65205-65205','1'
'65210-65210','1'
'65220-65220','1'
'65222-65222','1'
'65235-65235','2'
'65260-65260','2'
'65265-65265','2'
'65270-65270','1'
'65272-65272','1'
'65273-65273','2'
'65275-65275','1'
'65280-65280','2'
'65285-65285','2'
'65286-65286','1'
'65290-65290','2'
'65400-65400','2'
'65410-65410','1'
'65420-65420','2'
'65426-65426','2'
'65435-65436','1'
'65450-65450','1'
'65600-65600','2'
'65710-65710','2'
'65730-65730','2'
'65750-65750','2'
'65755-65756','2'
'65760-65760','2'
'65765-65765','2'
'65767-65767','2'
'65770-65772','2'
'65775-65775','2'
'65779-65782','2'
'65800-65800','1'
'65805-65805','2'
'65810-65810','2'
'65815-65815','2'
'65820-65820','2'
'65850-65850','2'
'65855-65855','2'
'65860-65860','2'
'65865-65865','2'
'65870-65870','2'
'65875-65875','2'
'65880-65880','2'
'65900-65900','2'
'65920-65920','2'
'65930-65930','2'
'66130-66130','2'
'66150-66150','2'
'66155-66155','2'
'66160-66160','2'
'66165-66165','2'
'66170-66170','2'
'66172-66172','2'
'66174-66175','1'
'66179-66179','1'
'66180-66180','2'
'66185-66185','2'
'66220-66220','2'
'66225-66225','2'
'66250-66250','2'
'66500-66500','2'
'66505-66505','2'
'66600-66600','2'
'66605-66605','2'
'66625-66625','2'
'66630-66630','2'
'66635-66635','2'
'66680-66680','2'
'66682-66682','2'
'66700-66700','2'
'66710-66711','2'
'66720-66720','2'
'66740-66740','2'
'66761-66762','2'
'66770-66770','2'
'66820-66821','2'
'66825-66825','2'
'66830-66830','2'
'66840-66840','2'
'66850-66850','2'
'66852-66852','2'
'66920-66920','2'
'66930-66930','2'
'66940-66940','2'
'66982-66986','2'
'67005-67005','2'
'67010-67010','2'
'67015-67015','2'
'67025-67025','2'
'67027-67028','2'
'67030-67031','2'
'67036-67036','2'
'67038-67043','2'
'67101-67101','1'
'67105-67105','1'
'67107-67108','2'
'67110-67110','2'
'67112-67113','2'
'67115-67115','2'
'67120-67121','2'
'67141-67141','1'
'67145-67145','1'
'67208-67208','2'
'67210-67210','2'
'67218-67218','2'
'67220-67221','2'
'67250-67250','2'
'67255-67255','2'
'67311-67312','2'
'67314-67314','2'
'67316-67316','2'
'67318-67318','2'
'67343-67343','2'
'67345-67345','2'
'67346-67346','1'
'67350-67350','1'
'67400-67400','1'
'67405-67405','1'
'67412-67414','2'
'67415-67415','1'
'67420-67420','2'
'67430-67430','2'
'67440-67440','2'
'67445-67445','2'
'67450-67450','1'
'67515-67515','2'
'67550-67550','2'
'67560-67560','2'
'67570-67570','2'
'67700-67700','1'
'67710-67710','1'
'67715-67715','2'
'67800-67801','2'
'67805-67805','2'
'67808-67808','2'
'67810-67810','1'
'67830-67830','1'
'67835-67835','1'
'67840-67840','1'
'67850-67850','1'
'67875-67875','2'
'67880-67880','2'
'67882-67882','2'
'67900-67904','2'
'67906-67906','2'
'67908-67909','2'
'67911-67912','2'
'67914-67914','2'
'67916-67917','2'
'67921-67921','2'
'67923-67924','2'
'67930-67930','1'
'67935-67935','1'
'67938-67938','1'
'67950-67950','2'
'67961-67961','2'
'67966-67966','2'
'67971-67971','2'
'67973-67975','2'
'68020-68020','1'
'68040-68040','1'
'68100-68100','1'
'68110-68110','2'
'68115-68115','2'
'68130-68130','2'
'68135-68135','1'
'68320-68320','2'
'68325-68326','2'
'68328-68328','2'
'68330-68330','2'
'68335-68335','2'
'68340-68340','2'
'68360-68360','2'
'68362-68362','2'
'68371-68371','2'
'68400-68400','1'
'68420-68420','1'
'68440-68440','2'
'68500-68500','2'
'68505-68505','2'
'68510-68510','1'
'68520-68520','2'
'68525-68525','1'
'68530-68530','2'
'68540-68540','2'
'68550-68550','2'
'68700-68700','2'
'68705-68705','2'
'68720-68720','2'
'68745-68745','2'
'68750-68750','2'
'68760-68761','2'
'68770-68770','2'
'69000-69000','1'
'69005-69005','1'
'69020-69020','1'
'69110-69110','1'
'69120-69120','2'
'69140-69140','2'
'69145-69145','2'
'69150-69150','2'
'69155-69155','2'
'69205-69205','1'
'69220-69220','1'
'69222-69222','2'
'69300-69300','1'
'69310-69310','2'
'69320-69320','2'
'69420-69421','1'
'69433-69433','1'
'69436-69436','2'
'69440-69440','1'
'69450-69450','1'
'69501-69502','2'
'69505-69505','2'
'69511-69511','2'
'69530-69530','2'
'69535-69535','2'
'69540-69540','1'
'69550-69550','1'
'69552-69552','2'
'69554-69554','2'
'69601-69605','2'
'69610-69610','1'
'69620-69620','1'
'69631-69633','2'
'69635-69637','2'
'69641-69646','2'
'69650-69650','2'
'69660-69662','2'
'69666-69667','2'
'69670-69670','2'
'69676-69676','2'
'69700-69700','2'
'69710-69711','2'
'69714-69715','2'
'69717-69718','2'
'69720-69720','2'
'69725-69725','2'
'69740-69740','2'
'69745-69745','2'
'69801-69801','1'
'69802-69802','2'
'69805-69806','2'
'69820-69820','2'
'69840-69840','2'
'69905-69905','2'
'69910-69910','2'
'69915-69915','2'
'69930-69930','2'
'69950-69950','2'
'69955-69955','2'
'69960-69960','2'
'69970-69970','2'